,Name,Contact,Email,Location,_Product_to_pitch
0,Chas Rollett,625-741-0213,crollett0@icq.com,3,12669 9656 7561 214 2674 1338
1,Rockie Cheney,233-712-5425,rcheney1@delicious.com,3,7057 9810 9568 1762 3293 1776
2,Gretel Pole,514-912-5355,gpole2@elpais.com,3,6353 8808 7684 2405 3516 7844
3,Bertine Scogings,622-446-1554,bscogings3@bizjournals.com,3,13265 1196 4221 6404 507 1788
4,Leonid Shortcliffe,384-201-2900,lshortcliffe4@ted.com,3,22615 5410 7198 3915 1777 5185
5,Luci Salzberger,915-928-9299,lsalzberger5@themeforest.net,3,9413 8259 5126 666 1795 1451
6,Hermann McKinnon,521-918-4394,hmckinnon6@wix.com,3,12126 3199 6975 480 3140 545
7,Coral Spurrett,410-599-2114,cspurrett7@skyrock.com,3,7579 4956 9426 1669 3321 2566
8,Ninnette Kollas,238-483-0331,nkollas8@icio.us,3,5963 3648 6192 425 1716 750
9,Tremayne Garter,548-853-4487,tgarter9@deliciousdays.com,3,6006 11093 18881 1159 7425 2098
10,Bethanne Rickerd,633-184-6948,brickerda@google.com,3,3366 5403 12974 4400 5977 1744
11,Sigfrid Ferre,804-337-6815,sferreb@drupal.org,3,13146 1124 4523 1420 549 497
12,Alden Pickin,820-204-4458,apickinc@cbsnews.com,3,31714 12319 11757 287 3881 2931
13,Porter Newitt,513-706-7648,pnewittd@ifeng.com,3,21217 6208 14982 3095 6707 602
14,Emeline Gon,109-865-1635,egone@redcross.org,3,24653 9465 12091 294 5058 2168
15,Uriel Eddies,381-971-5880,ueddiesf@parallels.com,3,10253 1114 3821 397 964 412
16,Uta Amorine,895-466-7010,uamorineg@twitpic.com,3,1020 8816 12121 134 4508 1080
17,Alameda Alldridge,831-808-3614,aalldridgeh@list-manage.com,3,5876 6157 2933 839 370 4478
18,Marlon Roantree,317-653-3129,mroantreei@wix.com,3,18601 6327 10099 2205 2767 3181
19,Ogden Ivanisov,554-821-4524,oivanisovj@wsj.com,3,7780 2495 9464 669 2518 501
20,Elliott Attersoll,854-234-2710,eattersollk@netvibes.com,3,17546 4519 4602 1066 2259 2124
21,Skell Wilsdon,514-197-0541,swilsdonl@indiegogo.com,3,5567 871 2010 3383 375 569
22,Cyrill Compford,585-601-9212,ccompfordm@mapquest.com,3,31276 1917 4469 9408 2381 4334
23,Becki O'Hagan,916-179-5903,bohagann@technorati.com,3,26373 36423 22019 5154 4337 16523
24,Minny Trunkfield,861-743-6123,mtrunkfieldo@blinklist.com,3,22647 9776 13792 2915 4482 5778
25,Antonina Shobbrook,367-192-6059,ashobbrookp@guardian.co.uk,3,16165 4230 7595 201 4003 57
26,Alaster Beddoes,898-876-1188,abeddoesq@skype.com,3,9898 961 2861 3151 242 833
27,Julissa Hayen,163-196-7917,jhayenr@wisc.edu,3,14276 803 3045 485 100 518
28,Garey Reville,304-915-6163,grevilles@tmall.com,3,4113 20484 25957 1158 8604 5206
29,Marysa Bleue,709-748-9528,mbleuet@gov.uk,3,43088 2100 2609 1200 1107 823
30,Sabrina Ede,734-736-0930,sedeu@ameblo.jp,3,18815 3610 11107 1148 2134 2963
31,Loretta Frame,681-886-7066,lframev@oaic.gov.au,3,2612 4339 3133 2088 820 985
32,Reine Meere,715-106-8499,rmeerew@msu.edu,3,21632 1318 2886 266 918 405
33,Loralyn Treend,575-973-8515,ltreendx@wiley.com,3,29729 4786 7326 6130 361 1083
34,Kit Pounder,266-162-8389,kpoundery@ca.gov,3,1502 1979 2262 425 483 395
35,Dorena Hearle,794-641-5484,dhearlez@archive.org,3,688 5491 11091 833 4239 436
36,Consuela Edess,307-570-9821,cedess10@epa.gov,3,29955 4362 5428 1729 862 4626
37,Jess Steeples,225-657-8896,jsteeples11@ning.com,3,15168 10556 12477 1920 6506 714
38,Pegeen Strodder,726-916-3934,pstrodder12@fema.gov,3,4591 15729 16709 33 6956 433
39,Gloriana Jude,955-126-3398,gjude13@gizmodo.com,3,56159 555 902 10002 212 2916
40,Sharona Gentreau,530-461-9043,sgentreau14@parallels.com,3,24025 4332 4757 9510 1145 5864
41,Robenia Meade,230-440-5775,rmeade15@dedecms.com,3,19176 3065 5956 2033 2575 2802
42,Kirby Tatnell,748-918-0657,ktatnell16@newyorker.com,3,10850 7555 14961 188 6899 46
43,Orazio Basire,150-253-4471,obasire17@intel.com,3,630 11095 23998 787 9529 72
44,Nikolaus Stocky,646-336-5525,nstocky18@phpbb.com,3,9670 7027 10471 541 4618 65
45,Keely Eslie,498-546-3930,keslie19@cargocollective.com,3,5181 22044 21531 1740 7353 4985
46,Gerick Scorer,651-551-5744,gscorer1a@cam.ac.uk,3,3103 14069 21955 1668 6792 1452
47,Charlot Fieller,831-843-9241,cfieller1b@ucoz.ru,3,44466 54259 55571 7782 24171 6465
48,Bert Amberson,638-680-6595,bamberson1c@un.org,3,11519 6152 10868 584 5121 1476
49,Marketa Hucke,362-772-9548,mhucke1d@yahoo.co.jp,3,4967 21412 28921 1798 13583 1163
50,Russell Woodruffe,180-659-3328,rwoodruffe1e@google.com.hk,3,6269 1095 1980 3860 609 2162
51,Valentine Camblin,206-979-8428,vcamblin1f@godaddy.com,3,3347 4051 6996 239 1538 301
52,Danie Sibthorpe,274-573-3932,dsibthorpe1g@tinypic.com,3,40721 3916 5876 532 2587 1278
53,Rhody Guyver,613-516-8031,rguyver1h@rambler.ru,3,491 10473 11532 744 5611 224
54,Merill Russ,134-497-4954,mruss1i@shop-pro.jp,3,27329 1449 1947 2436 204 1333
55,Cele Dempster,584-629-5437,cdempster1j@usnews.com,3,5264 3683 5005 1057 2024 1130
56,Danny Duigenan,149-133-0268,dduigenan1k@mozilla.com,3,4098 29892 26866 2616 17740 1340
57,Leo Reside,709-775-3564,lreside1l@ted.com,3,5417 9933 10487 38 7572 1282
58,Tades Pendred,733-566-5523,tpendred1m@go.com,3,13779 1970 1648 596 227 436
59,Sindee Bentick,662-937-1214,sbentick1n@ftc.gov,3,6137 5360 8040 129 3084 1603
60,Billy Ashman,591-489-8558,bashman1o@house.gov,3,8590 3045 7854 96 4095 225
61,Marius Chominski,702-996-1198,mchominski1p@miibeian.gov.cn,3,35942 38369 59598 3254 26701 2017
62,Paulie Caselick,696-668-0993,pcaselick1q@tinyurl.com,3,7823 6245 6544 4154 4074 964
63,Jesse Smeall,341-684-7406,jsmeall1r@fc2.com,3,9396 11601 15775 2896 7677 1295
64,Kenny Pelerin,443-504-6210,kpelerin1s@freewebs.com,3,4760 1227 3250 3724 1247 1145
65,Phebe Vallentin,185-190-9558,pvallentin1t@webs.com,3,85 20959 45828 36 24231 1423
66,Marabel Roddan,588-495-8331,mroddan1u@slideshare.net,3,9 1534 7417 175 3468 27
67,Griffith Suero,568-600-1017,gsuero1v@addthis.com,3,19913 6759 13462 1256 5141 834
68,Errol Hagger,754-688-1513,ehagger1w@issuu.com,3,2446 7260 3993 5870 788 3095
69,Midge Lindenboim,552-353-2618,mlindenboim1x@usatoday.com,3,8352 2820 1293 779 656 144
70,Euphemia Harnes,201-143-1850,eharnes1y@sourceforge.net,3,16705 2037 3202 10643 116 1365
71,Stephana Andreaccio,631-640-4730,sandreaccio1z@google.de,3,18291 1266 21042 5373 4173 14472
72,Dede Liddington,832-106-2610,dliddington20@twitter.com,3,4420 5139 2661 8872 1321 181
73,Arne Facer,117-919-7572,afacer21@qq.com,3,19899 5332 8713 8132 764 648
74,Corbett Markussen,560-369-9790,cmarkussen22@over-blog.com,3,8190 6343 9794 1285 1901 1780
75,Leonora Gilks,289-507-1601,lgilks23@t.co,3,20398 1137 3 4407 3 975
76,Barbabas Longmaid,258-500-8897,blongmaid24@state.gov,3,717 3587 6532 7530 529 894
77,Deidre Bass,305-309-2416,dbass25@miitbeian.gov.cn,3,12205 12697 28540 869 12034 1009
78,Stormi Ffrench,524-119-3566,sffrench26@tripadvisor.com,3,10766 1175 2067 2096 301 167
79,Marylin Baynon,776-751-5907,mbaynon27@linkedin.com,3,1640 3259 3655 868 1202 1653
80,Dannie Brideau,851-564-2748,dbrideau28@answers.com,3,7005 829 3009 430 610 529
81,Trumann Posten,964-777-5514,tposten29@drupal.org,3,219 9540 14403 283 7818 156
82,Madella Skone,509-506-6087,mskone2a@cbc.ca,3,10362 9232 11009 737 3537 2342
83,Bary Quade,286-239-5496,bquade2b@comsenz.com,3,20874 1563 1783 2320 550 772
84,Herman Broomhall,123-771-1816,hbroomhall2c@bbb.org,3,11867 3327 4814 1178 3837 120
85,Ebeneser Piatto,113-710-2101,epiatto2d@lycos.com,3,16117 46197 92780 1026 40827 2944
86,Eziechiele Mattiello,455-460-5788,emattiello2e@soup.io,3,22925 73498 32114 987 20070 903
87,Taffy Dandie,373-378-5593,tdandie2f@mysql.com,3,43265 5025 8117 6312 1579 14351
88,Arnoldo Stebbings,713-124-5575,astebbings2g@va.gov,3,7864 542 4042 9735 165 46
89,Nelle Woolley,286-471-2371,nwoolley2h@google.ca,3,24904 3836 5330 3443 454 3178
90,Harlan Darcy,759-552-8044,hdarcy2i@mediafire.com,3,11405 596 1638 3347 69 360
91,Cymbre Haliburton,790-579-5792,chaliburton2j@nih.gov,3,12754 2762 2530 8693 627 1117
92,Danielle Coche,643-672-1341,dcoche2k@bbc.co.uk,3,9198 27472 32034 3232 18906 5130
93,Sharyl Branch,536-195-2817,sbranch2l@unc.edu,3,11314 3090 2062 35009 71 2698
94,Duky Gianiello,261-737-3435,dgianiello2m@liveinternet.ru,3,5626 12220 11323 206 5038 244
95,Tiena Bikker,964-810-2382,tbikker2n@illinois.edu,3,3 2920 6252 440 223 709
96,Cathie Bolens,119-112-3574,cbolens2o@indiatimes.com,3,23 2616 8118 145 3874 217
97,Ave Voss,548-126-7439,avoss2p@newyorker.com,3,403 254 610 774 54 63
98,Dudley Pardue,730-469-3026,dpardue2q@deviantart.com,3,503 112 778 895 56 132
99,Nevin Renowden,510-791-4138,nrenowden2r@histats.com,3,9658 2182 1909 5639 215 323
100,Gav Gonsalvo,245-625-4714,ggonsalvo2s@china.com.cn,3,11594 7779 12144 3252 8035 3029
101,Humfried Biddell,155-165-3059,hbiddell2t@redcross.org,3,1420 10810 16267 1593 6766 1838
102,Terrye Wallbank,531-150-7734,twallbank2u@github.com,3,2932 6459 7677 2561 4573 1386
103,Brietta Colecrough,492-590-9441,bcolecrough2v@wikispaces.com,3,56082 3504 8906 18028 1480 2498
104,Lonni Fausset,316-176-4538,lfausset2w@ameblo.jp,3,14100 2132 3445 1336 1491 548
105,Giacopo Clarkin,519-206-3783,gclarkin2x@merriam-webster.com,3,15587 1014 3970 910 139 1378
106,Suzanna Philippou,753-288-0917,sphilippou2y@livejournal.com,3,1454 6337 10704 133 6830 1831
107,Vivia Worstall,246-655-7123,vworstall2z@cbslocal.com,3,8797 10646 14886 2471 8969 1438
108,Jeanie Shrubb,360-783-6228,jshrubb30@redcross.org,3,1531 8397 6981 247 2505 1236
109,Westbrooke Peart,699-986-2998,wpeart31@digg.com,3,1406 16729 28986 673 836 3
110,Darryl McGahy,724-818-7797,dmcgahy32@engadget.com,3,11818 1648 1694 2276 169 1647
111,Florie Auten,461-502-8732,fauten33@oaic.gov.au,3,12579 11114 17569 805 6457 1519
112,Shanan Kurdani,296-905-3822,skurdani34@sogou.com,3,19046 2770 2469 8853 483 2708
113,Hazel Frye,944-835-5796,hfrye35@upenn.edu,3,14438 2295 1733 3220 585 1561
114,Tilda McLaverty,309-233-5298,tmclaverty36@fema.gov,3,18044 1080 2000 2555 118 1266
115,Cyril Ludy,280-561-6839,cludy37@jalbum.net,3,11134 793 2988 2715 276 610
116,Timmie Plaunch,180-923-8496,tplaunch38@barnesandnoble.com,3,11173 2521 3355 1517 310 222
117,Cherry Thornewill,943-198-6565,cthornewill39@bigcartel.com,3,6990 3880 5380 1647 319 1160
118,Zola MacUchadair,725-622-9351,zmacuchadair3a@wp.com,3,20049 1891 2362 5343 411 933
119,Clyve Koppeck,734-238-3593,ckoppeck3b@arizona.edu,3,8258 2344 2147 3896 266 635
120,Jody Dunsford,178-373-0978,jdunsford3c@eepurl.com,3,17160 1200 3412 2417 174 1136
121,Pet O'Hare,487-425-9677,pohare3d@intel.com,3,4020 3234 1498 2395 264 255
122,Sallyanne Pashen,811-446-1403,spashen3e@topsy.com,3,12212 201 245 1991 25 860
123,Andonis Malletratt,854-678-0365,amalletratt3f@amazonaws.com,3,11170 10769 8814 2194 1976 143
124,Bert Wooton,804-615-4205,bwooton3g@wix.com,3,36050 1642 2961 4787 500 1621
125,Arel Lippini,231-899-3364,alippini3h@meetup.com,3,76237 3473 7102 16538 778 918
126,Tamma Eayres,155-198-3784,teayres3i@ibm.com,3,19219 1840 1658 8195 349 483
127,Tremain Louys,889-532-5049,tlouys3j@boston.com,3,21465 7243 10685 880 2386 2749
128,Karia Sapey,915-511-4957,ksapey3k@google.pl,3,140 8847 3823 142 1062 3
129,Stefa Considine,492-154-3912,sconsidine3l@printfriendly.com,3,42312 926 1510 1718 410 1819
130,Randolf Woodnutt,626-162-8921,rwoodnutt3m@sohu.com,3,7149 2428 699 6316 395 911
131,Ivory Patron,118-471-1263,ipatron3n@wp.com,3,2101 589 314 346 70 310
132,Ardelis Munehay,614-444-9810,amunehay3o@cloudflare.com,3,14903 2032 2479 576 955 328
133,Cob Abbett,398-597-0064,cabbett3p@phpbb.com,3,9434 1042 1235 436 256 396
134,Datha Varty,241-950-3416,dvarty3q@wiley.com,3,7388 1882 2174 720 47 537
135,Micky Chappelle,298-972-2634,mchappelle3r@sbwire.com,3,6300 1289 2591 1170 199 326
136,Caspar Worsalls,803-947-8764,cworsalls3s@shinystat.com,3,4625 8579 7030 4575 2447 1542
137,Gerry Cummine,916-689-3912,gcummine3t@google.fr,3,3087 8080 8282 661 721 36
138,Aliza O'Hannigan,836-647-9789,aohannigan3u@multiply.com,3,13537 4257 5034 155 249 3271
139,Kelsey Vero,968-769-8380,kvero3v@blogtalkradio.com,3,5387 4979 3343 825 637 929
140,Adelaide Brombell,698-707-4996,abrombell3w@wikia.com,3,17623 4280 7305 2279 960 2616
141,Cecilla Dible,275-274-1930,cdible3x@miibeian.gov.cn,3,30379 13252 5189 321 51 1450
142,Nariko Wellbelove,553-474-9625,nwellbelove3y@va.gov,3,37036 7152 8253 2995 20 3
143,Ellary Barendtsen,993-837-8633,ebarendtsen3z@zdnet.com,3,10405 1596 1096 8425 399 318
144,Kleon Ozelton,158-727-3965,kozelton40@unicef.org,3,18827 3677 1988 118 516 201
145,Cornell Hathway,326-984-7346,chathway41@reuters.com,3,22039 8384 34792 42 12591 4430
146,Penny Ast,264-231-5843,past42@sciencedirect.com,3,7769 1936 2177 926 73 520
147,Farrell Lechelle,756-219-4210,flechelle43@intel.com,3,9203 3373 2707 1286 1082 526
148,Lorine Vedstra,457-552-8635,lvedstra44@merriam-webster.com,3,5924 584 542 4052 283 434
149,Cecilio Ellice,311-390-5823,cellice45@sbwire.com,3,31812 1433 1651 800 113 1440
150,Goldi Adamkiewicz,547-238-4625,gadamkiewicz46@msu.edu,3,16225 1825 1765 853 170 1067
151,Carney Huett,939-209-3454,chuett47@moonfruit.com,3,1289 3328 2022 531 255 1774
152,Tristam Carberry,562-651-0785,tcarberry48@deliciousdays.com,3,18840 1371 3135 3001 352 184
153,Bart Kiraly,674-330-2474,bkiraly49@guardian.co.uk,3,3463 9250 2368 779 302 1627
154,Marve Blunsom,579-657-2533,mblunsom4a@discuz.net,3,622 55 137 75 7 8
155,Magdalen Teffrey,417-757-7366,mteffrey4b@unc.edu,3,1989 10690 19460 233 11577 2153
156,Karola Alekseicik,858-616-4009,kalekseicik4c@answers.com,3,3830 5291 14855 317 6694 3182
157,Caryl Bater,652-517-9233,cbater4d@mit.edu,3,17773 1366 2474 3378 811 418
158,Karoly Craigie,791-114-7834,kcraigie4e@dyndns.org,3,2861 6570 9618 930 4004 1682
159,Amara Poate,434-775-0507,apoate4f@technorati.com,3,355 7704 14682 398 8077 303
160,Kay Leithgoe,167-330-8042,kleithgoe4g@sciencedaily.com,3,1725 3651 12822 824 4424 2157
161,Candice Elis,540-530-4735,celis4h@smugmug.com,3,12434 540 283 1092 3 2233
162,Saundra Airdrie,619-113-2683,sairdrie4i@blog.com,3,15177 2024 3810 2665 232 610
163,Klement Cail,109-914-4751,kcail4j@biglobe.ne.jp,3,5531 15726 26870 2367 13726 446
164,Lindsey Loud,335-740-6553,lloud4k@hhs.gov,3,5224 7603 8584 2540 3674 238
165,Sarene Lindenboim,760-184-8528,slindenboim4l@networksolutions.com,3,15615 12653 19858 4425 7108 2379
166,Ogden Tole,465-654-7065,otole4m@goo.ne.jp,3,4822 6721 9170 993 4973 3637
167,Nancey Campanelle,949-358-3509,ncampanelle4n@ftc.gov,3,2926 3195 3268 405 1680 693
168,Seana Doers,566-969-1096,sdoers4o@so-net.ne.jp,3,5809 735 803 1393 79 429
169,Bron Brighty,678-436-9278,bbrighty4p@amazon.co.jp,3,5414 717 2155 2399 69 750
170,Skell Glede,803-757-7898,sglede4q@over-blog.com,3,260 8675 13430 1116 7015 323
171,Farica Widdows,884-840-5062,fwiddows4r@scribd.com,3,200 25862 19816 651 8773 6250
172,Cristina Seys,592-420-7016,cseys4s@homestead.com,3,955 5479 6536 333 2840 707
173,Andrey Rohlfs,237-213-1639,arohlfs4t@google.co.jp,3,514 7677 19805 937 9836 716
174,Kati Outhwaite,886-284-4081,kouthwaite4u@walmart.com,3,286 1208 5241 2515 153 1442
175,Timi Mushet,605-957-0569,tmushet4v@360.cn,3,2343 7845 11874 52 4196 1697
176,Trip Tulloch,103-177-3951,ttulloch4w@t.co,3,45640 6958 6536 7368 1532 230
177,Cristionna Ryde,587-620-8915,cryde4x@who.int,3,12759 7330 4533 1752 20 2631
178,Chelsae McCutheon,267-976-9085,cmccutheon4y@gmpg.org,3,11002 7075 4945 1152 120 395
179,Francisco Allabarton,675-758-8887,fallabarton4z@house.gov,3,3157 4888 2500 4477 273 2165
180,Delora Hutchison,252-828-6940,dhutchison50@wisc.edu,3,12356 6036 8887 402 1382 2794
181,Shae Hambridge,693-614-8380,shambridge51@vimeo.com,3,112151 29627 18148 16745 4948 8550
182,Stephen Noen,211-374-2715,snoen52@cocolog-nifty.com,3,694 8533 10518 443 6907 156
183,Rudie Wash,212-417-3468,rwash53@de.vu,3,36847 43950 20170 36534 239 47943
184,Gayla Thorndycraft,112-387-4129,gthorndycraft54@youtu.be,3,327 918 4710 74 334 11
185,Zackariah Whapple,191-583-2666,zwhapple55@army.mil,3,8170 6448 1139 2181 58 247
186,Efrem Stirley,475-486-5023,estirley56@dailymotion.com,3,3009 521 854 3470 949 727
187,Kristien Efford,445-647-5305,kefford57@angelfire.com,3,2438 8002 9819 6269 3459 3
188,Barbara Osman,810-451-9679,bosman58@cbsnews.com,3,8040 7639 11687 2758 6839 404
189,Paddie Jantet,786-565-1654,pjantet59@slashdot.org,3,834 11577 11522 275 4027 1856
190,Iggie Edwinson,268-280-1866,iedwinson5a@prnewswire.com,3,16936 6250 1981 7332 118 64
191,Albina Sieghart,532-705-4010,asieghart5b@latimes.com,3,13624 295 1381 890 43 84
192,Wye Recher,622-705-0610,wrecher5c@tumblr.com,3,5509 1461 2251 547 187 409
193,Stephie Fatharly,907-457-5840,sfatharly5d@tripadvisor.com,3,180 3485 20292 959 5618 666
194,Leelah Samarth,674-740-3453,lsamarth5e@pbs.org,3,7107 1012 2974 806 355 1142
195,Jacqui Kennifick,651-458-8247,jkennifick5f@disqus.com,3,17023 5139 5230 7888 330 1755
196,Malena Cran,216-146-5906,mcran5g@list-manage.com,1,30624 7209 4897 18711 763 2876
197,Pancho Miell,773-302-6758,pmiell5h@omniture.com,1,2427 7097 10391 1127 4314 1468
198,Rollin Saph,269-699-7719,rsaph5i@pinterest.com,1,11686 2154 6824 3527 592 697
199,Leonidas MacCaull,138-825-6980,lmaccaull5j@intel.com,1,9670 2280 2112 520 402 347
200,Payton Inkpen,874-418-5731,pinkpen5k@gravatar.com,1,3067 13240 23127 3941 9959 731
201,Marylynne Barhem,435-898-8295,mbarhem5l@seesaa.net,1,4484 14399 24708 3549 14235 1681
202,Tobe Knottley,264-313-4524,tknottley5m@1688.com,1,25203 11487 9490 5065 284 6854
203,Constantine Aistrop,193-431-6351,caistrop5n@hexun.com,1,583 685 2216 469 954 18
204,Hillery Akeherst,996-431-5824,hakeherst5o@nymag.com,1,1956 891 5226 1383 5 1328
205,Rosalia Tegler,369-699-5363,rtegler5p@sphinn.com,1,1107 11711 23596 955 9265 710
206,Hamilton Lovelock,662-682-2159,hlovelock5q@naver.com,1,6373 780 950 878 288 285
207,Trista Elesander,676-728-3810,telesander5r@nyu.edu,1,2541 4737 6089 2946 5316 120
208,Alvie Guillerman,877-344-3151,aguillerman5s@nyu.edu,1,1537 3748 5838 1859 3381 806
209,Yehudi Desorts,504-284-2043,ydesorts5t@adobe.com,1,5550 12729 16767 864 12420 797
210,Hagen Gummary,797-280-3680,hgummary5u@yahoo.com,1,18567 1895 1393 1801 244 2100
211,Torry Harniman,780-325-0671,tharniman5v@moonfruit.com,1,12119 28326 39694 4736 19410 2870
212,Jaine Hulle,601-244-8976,jhulle5w@pen.io,1,7291 1012 2062 1291 240 1775
213,Thomasin Benet,864-910-2686,tbenet5x@uol.com.br,1,3317 6602 6861 1329 3961 1215
214,Adi Trolley,724-522-9571,atrolley5y@taobao.com,1,2362 6551 11364 913 5957 791
215,Georgianne MacAlees,986-767-9786,gmacalees5z@ucsd.edu,1,2806 10765 15538 1374 5828 2388
216,Aimil Bru,748-353-6789,abru60@g.co,1,2532 16599 36486 179 13308 674
217,Alberto Haglington,932-538-2846,ahaglington61@bravesites.com,1,18044 1475 2046 2532 130 1158
218,Pennie Maberley,209-266-1802,pmaberley62@multiply.com,1,18 7504 15205 1285 4797 6372
219,Muffin Stirley,989-626-7849,mstirley63@goodreads.com,1,4155 367 1390 2306 86 130
220,Ulysses MacParlan,513-431-8214,umacparlan64@imdb.com,1,14755 899 1382 1765 56 749
221,Bondon Lucas,947-712-7710,blucas65@friendfeed.com,1,5396 7503 10646 91 4167 239
222,Royall Cranidge,617-652-0190,rcranidge66@uiuc.edu,1,5041 1115 2856 7496 256 375
223,Penrod Avieson,726-911-0412,pavieson67@bizjournals.com,1,2790 2527 5265 5612 788 1360
224,Mariette Parsley,268-788-8577,mparsley68@independent.co.uk,1,7274 659 1499 784 70 659
225,Meade Buckenhill,323-298-2876,mbuckenhill69@jimdo.com,1,12680 3243 4157 660 761 786
226,Tandie Ffrench,458-590-4341,tffrench6a@artisteer.com,1,20782 5921 9212 1759 2568 1553
227,Ezequiel Fassbender,831-851-6895,efassbender6b@gizmodo.com,1,4042 2204 1563 2286 263 689
228,Selle Guest,417-413-6982,sguest6c@blog.com,1,1869 577 572 950 4762 203
229,Vivyan Storah,149-938-3533,vstorah6d@drupal.org,1,8656 2746 2501 6845 694 980
230,Ellwood Di Pietro,863-320-2512,edipietro6e@amazon.co.uk,1,11072 5989 5615 8321 955 2137
231,Leone Guislin,831-925-8334,lguislin6f@redcross.org,1,2344 10678 3828 1439 1566 490
232,Raf Denness,294-373-6368,rdenness6g@e-recht24.de,1,25962 1780 3838 638 284 834
233,Homerus Crosoer,814-623-0476,hcrosoer6h@harvard.edu,1,964 4984 3316 937 409 7
234,Orsola Stygall,919-511-8306,ostygall6i@blogger.com,1,15603 2703 3833 4260 325 2563
235,Bobinette Miguet,330-503-8974,bmiguet6j@t.co,1,1838 6380 2824 1218 1216 295
236,Candida Miklem,809-263-0233,cmiklem6k@nydailynews.com,1,8635 820 3047 2312 415 225
237,Oswald Stilgoe,111-516-8660,ostilgoe6l@posterous.com,1,18692 3838 593 4634 28 1215
238,Dudley Jendrach,955-836-9337,djendrach6m@deliciousdays.com,1,7363 475 585 1112 72 216
239,Sheena Avrasin,222-687-7709,savrasin6n@ycombinator.com,1,47493 2567 3779 5243 828 2253
240,Pascal Llewhellin,972-252-4560,pllewhellin6o@zimbio.com,1,22096 3575 7041 11422 343 2564
241,Rachelle Heathcote,391-940-4336,rheathcote6p@myspace.com,1,24929 1801 2475 2216 412 1047
242,Denys Monelli,530-192-7101,dmonelli6q@multiply.com,1,18226 659 2914 3752 586 578
243,Derrek Pfeifer,350-904-3185,dpfeifer6r@soundcloud.com,1,11210 3576 5119 561 1682 2398
244,Kris Files,225-158-8206,kfiles6s@marriott.com,1,6202 7775 10817 1183 3143 1970
245,Ora Giorgietto,227-980-0782,ogiorgietto6t@goo.ne.jp,1,3062 6154 13916 230 8933 2784
246,Radcliffe Derr,724-544-0598,rderr6u@drupal.org,1,8885 2428 1777 1777 430 610
247,Rodrigo Wyvill,500-758-8789,rwyvill6v@google.it,1,13569 346 489 2077 44 659
248,Georgetta Feltham,481-777-5420,gfeltham6w@com.com,1,15671 5279 2406 559 562 572
249,Layne Mullaney,644-956-5024,lmullaney6x@hp.com,1,8040 3795 2070 6340 918 291
250,Analiese Causon,902-735-7291,acauson6y@epa.gov,1,3191 1993 1799 1730 234 710
251,Agnese Peatman,992-337-5791,apeatman6z@mediafire.com,1,6134 23133 33586 6746 18594 5121
252,Ricky Aburrow,518-384-2352,raburrow70@gizmodo.com,1,6623 1860 4740 7683 205 1693
253,Rudyard Jojic,677-848-1710,rjojic71@sun.com,1,29526 7961 16966 432 363 1391
254,Lyndell Bremond,984-643-6865,lbremond72@comcast.net,1,10379 17972 4748 4686 1547 3265
255,Hobard Eitter,837-129-2818,heitter73@xinhuanet.com,1,31614 489 1495 3242 111 615
256,Caz Braganca,912-625-9725,cbraganca74@narod.ru,1,11092 5008 5249 453 392 373
257,Isaac Godsafe,381-512-8407,igodsafe75@weebly.com,1,8475 1931 1883 5004 3593 987
258,Inger Riggott,583-407-3890,iriggott76@wired.com,1,56083 4563 2124 6422 730 3321
259,Blithe Pairpoint,481-292-6044,bpairpoint77@cam.ac.uk,1,53205 4959 7336 3012 967 818
260,Amerigo Speller,755-999-5450,aspeller78@buzzfeed.com,1,9193 4885 2157 327 780 548
261,Konrad Willoughley,860-478-4359,kwilloughley79@engadget.com,1,7858 1110 1094 6818 49 287
262,Jud Gave,977-910-8686,jgave7a@wordpress.org,1,23257 1372 1677 982 429 655
263,Ellsworth Barhems,410-564-8600,ebarhems7b@blogger.com,1,2153 1115 6684 4324 2894 411
264,Kermie Emptage,304-485-3714,kemptage7c@time.com,1,1073 9679 15445 61 5980 1265
265,Moishe Oxbrow,220-914-3557,moxbrow7d@admin.ch,1,5909 23527 13699 10155 830 3636
266,Clareta Trunchion,312-234-7343,ctrunchion7e@live.com,1,572 9763 22182 2221 4882 2563
267,Angil Rydings,530-365-5091,arydings7f@theguardian.com,1,20893 1222 2576 3975 737 3628
268,Reggy Opdenort,674-206-5522,ropdenort7g@histats.com,1,11908 8053 19847 1069 6374 698
269,Clair Durant,825-758-8098,cdurant7h@wikispaces.com,1,15218 258 1138 2516 333 204
270,Zacharia Bisacre,748-749-8108,zbisacre7i@businessweek.com,1,4720 1032 975 5500 197 56
271,Honoria De Vaan,788-472-4503,hdevaan7j@taobao.com,1,2083 5007 1563 1120 147 1550
272,Minor Walesby,361-938-1912,mwalesby7k@unicef.org,1,514 8323 6869 529 93 1040
273,Phylis Bool,613-826-6280,pbool7l@elpais.com,3,36817 3045 1493 4802 210 1824
274,Stevy Minshall,229-504-6435,sminshall7m@mashable.com,3,894 1703 1841 744 759 1153
275,Cully Hanbury,439-709-1556,chanbury7n@japanpost.jp,3,680 1610 223 862 96 379
276,Magdalena Whorlton,734-186-7162,mwhorlton7o@aboutads.info,3,27901 3749 6964 4479 603 2503
277,Dore Manicomb,527-163-5446,dmanicomb7p@comsenz.com,3,9061 829 683 16919 621 139
278,Nicky Coton,368-432-9463,ncoton7q@nature.com,3,11693 2317 2543 5845 274 1409
279,Moselle Bartolomeo,192-911-1760,mbartolomeo7r@typepad.com,3,17360 6200 9694 1293 3620 1721
280,Whit Sautter,718-795-1410,wsautter7s@histats.com,3,3366 2884 2431 977 167 1104
281,Zia Aronov,618-611-8494,zaronov7t@umn.edu,3,12238 7108 6235 1093 2328 2079
282,Shane Giraudeau,962-703-1270,sgiraudeau7u@addtoany.com,3,49063 3965 4252 5970 1041 1404
283,Lotty Dongall,180-343-8401,ldongall7v@techcrunch.com,3,25767 3613 2013 10303 314 1384
284,Drusie Dinsale,645-184-9986,ddinsale7w@netlog.com,3,68951 4411 12609 8692 751 2406
285,Arlen Cadney,248-864-7567,acadney7x@columbia.edu,3,40254 640 3600 1042 436 18
286,Nanny Tunaclift,647-600-2771,ntunaclift7y@reference.com,3,7149 2247 1242 1619 1226 128
287,Thaxter Bartalin,226-439-4796,tbartalin7z@abc.net.au,3,15354 2102 2828 8366 386 1027
288,Jacquelin Cadle,713-503-3258,jcadle80@lulu.com,3,16260 594 1296 848 445 258
289,Joan Orhtmann,454-173-9452,jorhtmann81@google.co.uk,3,42786 286 471 1388 32 22
290,Loren Houlson,758-326-9563,lhoulson82@boston.com,3,2708 2160 2642 502 965 1522
291,Dorey Haywood,498-448-4146,dhaywood83@ebay.com,3,6022 3354 3261 2507 212 686
292,Isidro Moulding,360-191-2918,imoulding84@vistaprint.com,3,2838 3086 4329 3838 825 1060
293,Kaia Advani,542-627-4985,kadvani85@behance.net,2,3996 11103 12469 902 5952 741
294,Tawnya Deshorts,311-918-7859,tdeshorts86@bigcartel.com,2,21273 2013 6550 909 811 1854
295,Grantley Nucator,444-465-1108,gnucator87@irs.gov,2,7588 1897 5234 417 2208 254
296,Bendix Wilkes,837-912-0064,bwilkes88@histats.com,2,19087 1304 3643 3045 710 898
297,Filmore Ciobotaro,429-922-7397,fciobotaro89@hostgator.com,2,8090 3199 6986 1455 3712 531
298,Alena Albers,149-972-2097,aalbers8a@indiegogo.com,2,6758 4560 9965 934 4538 1037
299,Neala Hatherell,152-140-8197,nhatherell8b@goodreads.com,2,444 879 2060 264 290 259
300,Mayer Lippitt,678-146-0143,mlippitt8c@prlog.org,2,16448 6243 6360 824 2662 2005
301,Brittni Walby,525-329-3452,bwalby8d@wikia.com,2,5283 13316 20399 1809 8752 172
302,Annie Doble,375-718-8445,adoble8e@twitter.com,2,2886 5302 9785 364 6236 555
303,Dedie Christofides,485-793-9303,dchristofides8f@ehow.com,2,2599 3688 13829 492 10069 59
304,Alta Druhan,907-180-6949,adruhan8g@arizona.edu,2,161 7460 24773 617 11783 2410
305,Daphene Balogun,431-299-7957,dbalogun8h@example.com,2,243 12939 8852 799 3909 211
306,Brnaba Meaking,694-911-4668,bmeaking8i@wordpress.com,2,6468 12867 21570 1840 7558 1543
307,Ailey O'Kieran,454-991-0877,aokieran8j@columbia.edu,2,17327 2374 2842 1149 351 925
308,Timi Pittel,142-684-8847,tpittel8k@topsy.com,2,6987 1020 3007 416 257 656
309,Thebault Wimpenny,943-287-5208,twimpenny8l@stumbleupon.com,2,918 20655 13567 1465 6846 806
310,Germaine Shaughnessy,506-372-9893,gshaughnessy8m@tiny.cc,2,7034 1492 2405 12569 299 1117
311,Elvira Haggidon,900-742-1926,ehaggidon8n@bing.com,2,29635 2335 8280 3046 371 117
312,Timothea Shakesby,588-916-8779,tshakesby8o@cargocollective.com,2,2137 3737 19172 1274 17120 142
313,Kori Lunbech,383-784-8599,klunbech8p@thetimes.co.uk,2,9784 925 2405 4447 183 297
314,Wini Heynen,704-875-8343,wheynen8q@is.gd,2,10617 1795 7647 1483 857 1233
315,Deina Boreham,794-549-4933,dboreham8r@miitbeian.gov.cn,2,1479 14982 11924 662 3891 3508
316,Nikos Rumsey,742-261-5917,nrumsey8s@google.co.jp,2,7127 1375 2201 2679 83 1059
317,Ceciley Jori,422-361-5596,cjori8t@uol.com.br,2,1182 3088 6114 978 821 1637
318,Lauritz Velti,326-262-8763,lvelti8u@comsenz.com,2,11800 2713 3558 2121 706 51
319,Sargent Parsons,148-404-3053,sparsons8v@slashdot.org,2,9759 25071 17645 1128 12408 1625
320,Stormi Clinton,352-503-4463,sclinton8w@tinyurl.com,2,1774 3696 2280 514 275 834
321,Vidovic Kilgrove,324-378-7327,vkilgrove8x@hhs.gov,2,9155 1897 5167 2714 228 1113
322,Fredek Normanvell,101-497-2245,fnormanvell8y@adobe.com,2,15881 713 3315 3703 1470 229
323,Charis Batho,504-487-4738,cbatho8z@ameblo.jp,2,13360 944 11593 915 1679 573
324,Alfie Thrower,907-599-6072,athrower90@i2i.jp,2,25977 3587 2464 2369 140 1092
325,Amelina Arber,272-399-8781,aarber91@meetup.com,2,32717 16784 13626 60869 1272 5609
326,Nelle Smead,553-622-2872,nsmead92@hugedomains.com,2,4414 1610 1431 3498 387 834
327,Jewel Culley,719-101-2395,jculley93@weebly.com,2,542 899 1664 414 88 522
328,Sonny Albon,215-218-4111,salbon94@msn.com,2,16933 2209 3389 7849 210 1534
329,Rutherford Radclyffe,569-228-5095,rradclyffe95@surveymonkey.com,2,5113 1486 4583 5127 492 739
330,Joletta Iredell,338-723-9612,jiredell96@ucoz.com,2,9790 1786 5109 3570 182 1043
331,Silvester Sporton,165-252-3409,ssporton97@statcounter.com,2,11223 14881 26839 1234 9606 1102
332,Amargo Gosford,476-661-4428,agosford98@usatoday.com,2,22321 3216 1447 2208 178 2602
333,Tonye Gracey,419-297-1139,tgracey99@businesswire.com,2,8565 4980 67298 131 38102 1215
334,Davidde Grigoli,293-391-3533,dgrigoli9a@over-blog.com,2,16823 928 2743 11559 332 3486
335,Val Glanert,901-820-8934,vglanert9b@plala.or.jp,2,27082 6817 10790 1365 4111 2139
336,Adolpho Andrews,483-943-7771,aandrews9c@wikia.com,2,13970 1511 1330 650 146 778
337,Felicio Lightbody,982-528-9574,flightbody9d@gov.uk,2,9351 1347 2611 8170 442 868
338,Bonita Morshead,966-314-1412,bmorshead9e@soup.io,2,3 333 7021 15601 15 550
339,Johnny Glanester,527-491-6339,jglanester9f@sun.com,2,2617 1188 5332 9584 573 1942
340,Trever Caisley,228-225-8360,tcaisley9g@businessinsider.com,3,381 4025 9670 388 7271 1371
341,Domingo Beckenham,138-614-6035,dbeckenham9h@macromedia.com,3,2320 5763 11238 767 5162 2158
342,Patience Arguile,806-851-9998,parguile9i@multiply.com,3,255 5758 5923 349 4595 1328
343,Drake Wardingly,780-206-7932,dwardingly9j@loc.gov,3,1689 6964 26316 1456 15469 37
344,Raleigh Sarah,443-284-9740,rsarah9k@washington.edu,3,3043 1172 1763 2234 217 379
345,Mikkel Mc Giffin,818-931-3038,mmcgiffin9l@123-reg.co.uk,3,1198 2602 8335 402 3843 303
346,Moshe Beams,601-821-5551,mbeams9m@theatlantic.com,3,2771 6939 15541 2693 6600 1115
347,Margy Pennoni,464-180-3434,mpennoni9n@google.de,3,27380 7184 12311 2809 4621 1022
348,Spencer Wittman,627-896-2240,swittman9o@google.cn,3,3428 2380 2028 1341 1184 665
349,Horton Haswall,122-928-5484,hhaswall9p@flickr.com,3,5981 14641 20521 2005 12218 445
350,Cele Balderson,411-273-7559,cbalderson9q@goo.gl,3,3521 1099 1997 1796 173 995
351,Forrester Shuard,118-376-4234,fshuard9r@nps.gov,3,1210 10044 22294 1741 12638 3137
352,Evy Hendrich,418-167-8645,ehendrich9s@archive.org,3,608 1106 1533 830 90 195
353,Zechariah McComish,200-784-1137,zmccomish9t@webs.com,3,117 6264 21203 228 8682 1111
354,Cordey Olivella,274-637-8769,colivella9u@epa.gov,3,14039 7393 2548 6386 1333 2341
355,Ilyse Loxston,862-751-3353,iloxston9v@vistaprint.com,3,190 727 2012 245 184 127
356,Krissy Bushell,568-969-9755,kbushell9w@addtoany.com,3,22686 134 218 3157 9 548
357,Mayor Blampy,757-754-2137,mblampy9x@mail.ru,3,37 1275 22272 137 6747 110
358,Christian Almeida,915-231-1861,calmeida9y@unc.edu,3,759 18664 1660 6114 536 4100
359,D'arcy Mathe,331-570-0142,dmathe9z@tamu.edu,3,796 5878 2109 340 232 776
360,Ree Grishagin,694-920-9326,rgrishagina0@google.cn,3,19746 2872 2006 2601 468 503
361,Sandye Parris,891-743-1671,sparrisa1@thetimes.co.uk,3,4734 607 864 1206 159 405
362,Torr Bollis,932-224-7063,tbollisa2@adobe.com,3,2121 1601 2453 560 179 712
363,Heath Mahood,865-965-4711,hmahooda3@microsoft.com,3,4627 997 4438 191 1335 314
364,Ange Southerns,481-863-6848,asouthernsa4@google.com.au,3,2615 873 1524 1103 514 468
365,Carlo Wayper,908-513-7723,cwaypera5@indiegogo.com,3,4692 6128 8025 1619 4515 3105
366,Erhart Ruthen,954-448-5952,eruthena6@latimes.com,3,9561 2217 1664 1173 222 447
367,Tricia Lait,983-851-9503,tlaita7@meetup.com,3,3477 894 534 1457 252 342
368,Oliviero Wensley,472-161-1043,owensleya8@wsj.com,3,22335 1196 2406 2046 101 558
369,Cad Esherwood,255-268-2358,cesherwooda9@webnode.com,3,6211 337 683 1089 41 296
370,Elisa Ridder,629-602-2647,eridderaa@un.org,3,39679 3944 4955 1364 523 2235
371,Alard McCrackem,527-506-2642,amccrackemab@businessweek.com,3,20105 1887 1939 8164 716 790
372,Allan Benford,996-726-5326,abenfordac@stumbleupon.com,3,3884 3801 1641 876 397 4829
373,Demetre Dysert,739-251-6940,ddysertad@gov.uk,3,15076 6257 7398 1504 1916 3113
374,Mischa Danilchev,716-647-9499,mdanilchevae@hao123.com,3,6338 2256 1668 1492 311 686
375,Oliy Blaker,571-621-7176,oblakeraf@4shared.com,3,5841 1450 1162 597 476 70
376,Archambault Rookledge,417-680-1762,arookledgeag@guardian.co.uk,3,3136 8630 13586 5641 4666 1426
377,Harriet Lantiff,498-733-0411,hlantiffah@facebook.com,3,38793 3154 2648 1034 96 1242
378,Garner Davidovic,736-575-0712,gdavidovicai@intel.com,3,3225 3294 1902 282 68 1114
379,Ximenez Colbourne,967-906-2508,xcolbourneaj@purevolume.com,3,4048 5164 10391 130 813 179
380,Elyssa Fettiplace,308-318-3782,efettiplaceak@dmoz.org,3,28257 944 2146 3881 600 270
381,Mack Trevon,897-501-7442,mtrevonal@liveinternet.ru,3,17770 4591 1617 9927 246 532
382,Nisse Blincko,657-771-4248,nblinckoam@geocities.jp,3,34454 7435 8469 2540 1711 2893
383,Brendon Worsfold,926-791-6303,bworsfoldan@nhs.uk,3,1821 1364 3450 4006 397 361
384,Andris Pulford,608-837-4727,apulfordao@last.fm,3,10683 21858 15400 3635 282 5120
385,Jorrie Sail,766-809-9186,jsailap@nasa.gov,3,11635 922 1614 2583 192 1068
386,Parsifal McKeand,136-841-1297,pmckeandaq@sfgate.com,3,1206 3620 2857 1945 353 967
387,Aubree Mepham,365-159-2288,amephamar@php.net,3,20918 1916 1573 1960 231 961
388,Antonius Gaskill,972-257-0989,agaskillas@ftc.gov,3,9785 848 1172 1677 200 406
389,Madelyn Montgomery,993-493-3113,mmontgomeryat@tripadvisor.com,3,9385 1530 1422 3019 227 684
390,Derrek Ferne,892-432-5060,dferneau@cornell.edu,3,3352 1181 1328 5502 311 1000
391,Kennedy Odda,310-239-8611,koddaav@e-recht24.de,3,2647 2761 2313 907 95 1827
392,Juditha Danilchev,311-625-4996,jdanilchevaw@t.co,3,518 4180 3600 659 122 654
393,Briant Braizier,152-463-3271,bbraizierax@sun.com,3,23632 6730 3842 8620 385 819
394,Wash Coldbathe,657-604-2299,wcoldbatheay@wiley.com,3,12377 865 3204 1398 149 452
395,Winifield Rumsby,877-641-0250,wrumsbyaz@baidu.com,3,9602 1316 1263 2921 841 290
396,Stepha Spittle,269-451-6057,sspittleb0@techcrunch.com,3,4515 11991 9345 2644 3378 2213
397,Efrem Dominique,389-266-1891,edominiqueb1@sphinn.com,3,11535 1666 1428 6838 64 743
398,Joyann Fulleylove,676-331-2565,jfulleyloveb2@aboutads.info,3,11442 1032 582 5390 74 247
399,Shamus Roomes,532-157-0226,sroomesb3@csmonitor.com,3,9612 577 935 1601 469 375
400,Dewey Cock,916-123-4633,dcockb4@miitbeian.gov.cn,3,4446 906 1238 3576 153 1014
401,Eugenius Preston,916-629-4748,eprestonb5@gmpg.org,3,27167 2801 2128 13223 92 1902
402,Rodolph Bussell,511-294-1994,rbussellb6@domainmarket.com,3,26539 4753 5091 220 10 340
403,Bear Abrehart,513-176-5361,babrehartb7@springer.com,3,25606 11006 4604 127 632 288
404,Gilbertine Pipworth,617-762-1067,gpipworthb8@issuu.com,3,18073 4613 3444 4324 914 715
405,Steven Prydie,813-849-0220,sprydieb9@goo.gl,3,6884 1046 1167 2069 593 378
406,Ninnette Maskill,113-264-7306,nmaskillba@infoseek.co.jp,3,25066 5010 5026 9806 1092 960
407,Domingo Ofen,885-960-8883,dofenbb@xrea.com,3,7362 12844 18683 2854 7883 553
408,Harland Flatman,151-964-4379,hflatmanbc@mlb.com,3,8257 3880 6407 1646 2730 344
409,Gusti Tuft,258-444-8589,gtuftbd@odnoklassniki.ru,3,8708 3634 6100 2349 2123 5137
410,Hadlee Burbage,905-135-3415,hburbagebe@github.io,3,6633 2096 4563 1389 1860 1892
411,Barbee Le Port,215-731-4302,bleportbf@fda.gov,3,2126 3289 3281 1535 235 4365
412,Peadar Gotling,446-102-8641,pgotlingbg@youtu.be,3,97 3605 12400 98 2970 62
413,Tris Weblin,193-802-9687,tweblinbh@npr.org,3,4983 4859 6633 17866 912 2435
414,Kurt Pedrazzi,831-748-8427,kpedrazzibi@slashdot.org,3,5969 1990 3417 5679 1135 290
415,Tabbitha Allman,111-612-6659,tallmanbj@bloglovin.com,3,7842 6046 8552 1691 3540 1874
416,Norbie Martyn,198-259-1900,nmartynbk@bravesites.com,3,4389 10940 10908 848 6728 993
417,Vincenty Simonassi,833-611-1242,vsimonassibl@utexas.edu,3,5065 5499 11055 364 3485 1063
418,Janaye Jendrich,104-385-4971,jjendrichbm@jalbum.net,3,660 8494 18622 133 6740 776
419,Joana Cool,123-885-5237,jcoolbn@cbc.ca,3,8861 3783 2223 633 1580 1521
420,Mariejeanne Dalla,836-445-8761,mdallabo@canalblog.com,3,4456 5266 13227 25 6818 1393
421,Laurette Lowde,979-769-4887,llowdebp@whitehouse.gov,3,17063 4847 9053 1031 3415 1784
422,Shadow Trenholm,950-323-0925,strenholmbq@nationalgeographic.com,3,26400 1377 4172 830 948 1218
423,Beltran Drieu,821-601-9438,bdrieubr@t.co,3,17565 3686 4657 1059 1803 668
424,Jaquenetta Cuxon,214-946-6665,jcuxonbs@nytimes.com,3,16980 2884 12232 874 3213 249
425,Pip Sieb,995-233-7309,psiebbt@stumbleupon.com,3,11243 2408 2593 15348 108 1886
426,Yolande Rysom,928-724-1374,yrysombu@desdev.cn,3,13134 9347 14316 3141 5079 1894
427,Row Linning,364-899-6091,rlinningbv@uol.com.br,3,31012 16687 5429 15082 439 1163
428,Pearla Brownsall,251-891-1602,pbrownsallbw@shareasale.com,3,3047 5970 4910 2198 850 317
429,Stefa McCormack,575-808-9453,smccormackbx@mapy.cz,3,8607 1750 3580 47 84 2501
430,Dalli Aldins,514-124-7443,daldinsby@tuttocitta.it,3,3097 4230 16483 575 241 2080
431,Domini Hiner,888-802-9499,dhinerbz@amazon.co.uk,3,8533 5506 5160 13486 1377 1498
432,Madalyn Beckford,844-383-1055,mbeckfordc0@nydailynews.com,3,21117 1162 4754 269 1328 395
433,Prudence Vaissiere,863-813-0191,pvaissierec1@wsj.com,3,1982 3218 1493 1541 356 1449
434,Alain Bartalini,373-923-8060,abartalinic2@studiopress.com,3,16731 3922 7994 688 2371 838
435,Valery Ternott,238-620-6990,vternottc3@bandcamp.com,3,29703 12051 16027 13135 182 2204
436,Roxy Forsyde,945-246-6828,rforsydec4@nymag.com,3,39228 1431 764 4510 93 2346
437,Jess Skrines,936-756-5245,jskrinesc5@wikia.com,3,14531 15488 30243 437 14841 1867
438,Burke Sallan,680-783-4295,bsallanc6@wp.com,3,10290 1981 2232 1038 168 2125
439,Andrej Nelligan,771-910-7917,anelliganc7@icio.us,3,2787 1698 2510 65 477 52
